<?xml version="1.0" encoding="UTF-8" ?>
<!DOCTYPE mapper PUBLIC "-//mybatis.org//DTD Mapper 3.0//EN" 
	"http://mybatis.org/dtd/mybatis-3-mapper.dtd">

<mapper namespace="com.ssafy.board.model.mapper.BoardMapper">


	<insert id="writeArticle" parameterType="BoardDto">
		insert into board (user_id, subject, content)
		values (#{user_id}, #{subject}, #{content})
	</insert>
	
	<select id="listArticle" resultType="BoardDto">
		select article_no, user_id, subject, content, hit, register_time as registerTime
		from board
		order by article_no desc
	</select>
	
 	<select id="searchArticle" parameterType="map" resultType="BoardDto">
		select article_no, user_id, subject, content, hit, register_time
		from board where 
		<if test="option == 'article_no'">
			#{option} = #{search}
		</if>
		<if test="option == 'subject'">
			#{option} like %#{search}%
		</if>
		<if test="option == 'user_id'">
			#{option} like %#{search}%
		</if>
		
	</select>
	
	<select id="viewArticle" parameterType="int" resultType="BoardDto">
		select article_no, user_id, subject, content, hit, register_time
		from board
		where article_no = #{article_No}
	</select>
	
	
	<update id="updateHit" parameterType="int">
		update board
		set hit = hit + 1
		where article_no = #{articleNo}
	</update>
	
	<update id="modifyArticle" parameterType="BoardDto">
		update board
		set subject = #{subject}, content = #{content}
		where article_no = #{article_no}
	</update>
	
	
	<delete id="deleteArticle" parameterType="int">
		delete from board
		where article_no = #{articleNo}
	</delete>

</mapper>