<?xml version="1.0" encoding="UTF-8" ?>
<!DOCTYPE mapper PUBLIC "-//mybatis.org//DTD Mapper 3.0//EN" 
	"http://mybatis.org/dtd/mybatis-3-mapper.dtd">

<mapper namespace="com.ssafy.map.model.mapper.MapMapper">

	<resultMap type="sidoDto" id="sido">
		<result column="sido_code" property="sido_code"/>
		<result column="sido_name" property="sido_name"/>
	</resultMap>
	
	<resultMap type="gugunDto" id="gugun">
		<result column="gugun_code" property="gugun_code"/>
		<result column="gugun_name" property="gugun_name"/>
		<result column="sido_code" property="sido_code"/>
	</resultMap>
	
	<resultMap type="mapDto" id="attraction">
		<result column="content_id" property="content_id"/>
		<result column="content_type_id" property="content_type_id"/>
		<result column="title" property="title"/>
		<result column="addr1" property="addr1"/>
		<result column="addr2" property="addr2"/>
		<result column="zipcode" property="zipcode"/>
		<result column="tel" property="tel"/>
		<result column="first_image" property="first_image"/>
		<result column="first_image2" property="first_image2"/>
		<result column="readcount" property="readcount"/>
		<result column="sido_code" property="sido_code"/>
		<result column="gugun_code" property="gugun_code"/>
		<result column="latitude" property="latitude"/>
		<result column="longitude" property="longitude"/>
		<result column="mlevel" property="mlevel"/>
	</resultMap>
	
	<select id="getSido" resultMap="sido">
		select sido_code, sido_name
		from sido
	</select>
	
	<select id="getGugun" parameterType="int" resultMap="gugun">
		select gugun_code, gugun_name, sido_code
		from gugun
		where sido_code = #{sidoCode}
	</select>
	
	<select id="getSidoByCode" parameterType="int" resultMap="sido">
		select sido_code, sido_name
		from sido
		where sido_code = #{sidoCode}
	</select>
	
	<select id="getMap" parameterType="map" resultMap="sido">
		select content_id, content_type_id, title, addr1, addr2, zipcode, tel,
		first_image, first_image2, readcount, sido_code, gugun_code, latitude, longitude, mlevel
		from attraction_info
		where sido_code = #{sido} and gugun_code = #{gugun}
		<if test="contentTypeId != 0">
			and content_type_id = #{contentTypeId}
		</if>
	</select>
	
</mapper>